Country,percentage_increase
Western Sahara,11.115105327485802
United Arab Emirates,6.340911640429277
Saudi Arabia,5.949170947157791
Oman,5.129210650575041
Equatorial Guinea,5.040841857384645
